{
  "fecha": "2025-10-28T17:28:00.424Z",
  "timestamp": 1761672480424,
  "totalRepuestos": 58,
  "repuestosConMarcadores": 1,
  "marcadores": [
    {
      "id": "17592183372830.3565633314252028",
      "nombre": "PARADA EMERGENCIA CON CAJA",
      "codSAP": "3300105501",
      "ubicaciones": [
        {
          "mapId": 1760411932641,
          "areaId": 1761084793013,
          "markerX": 3676.054905287181,
          "markerY": 2252.3299479652474
        },
        {
          "mapId": 1760411932641,
          "areaId": 1761084793013,
          "markerX": 3678.2433696950716,
          "markerY": 3272.6524874275146
        }
      ]
    }
  ]
}